word1,word2,similarity
function,variable,0.9781241270426667
type,variable,0.9869485416487976
addition,deletion,0.884073827674927
program,software,0.9628636809735381
